<?xml version='1.0' encoding='utf-8'?>
<!DOCTYPE hibernate-configuration PUBLIC
        "-//Hibernate/Hibernate Configuration DTD 3.0//EN"
        "http://www.hibernate.org/dtd/hibernate-configuration-3.0.dtd">

<hibernate-configuration>
    <session-factory>
        <property name="connection.driver_class">org.h2.Driver</property>
        <property name="connection.url">jdbc:h2:~/hibernate;AUTOCOMMIT=OFF</property>
        <property name="connection.username"></property>
        <property name="connection.password"></property>
        <property name="connection.pool_size">1</property>
        <property name="dialect">org.hibernate.dialect.H2Dialect</property>
        <property name="current_session_context_class">thread</property>
        <property name="cache.provider_class">org.hibernate.cache.internal.NoCacheProvider</property>
        <property name="show_sql">true</property>
        <property name="format_sql">true</property>
        <property name="hbm2ddl.auto">create</property>
        <mapping resource="Project.hbm.xml"/>
    </session-factory>
</hibernate-configuration>